{"cameraMode":{"drawMode":0,"name":"Shaded","section":"Shading Mode"},"sceneLighting":true,"audioPlay":false,"sceneViewState":{"showFog":true,"showMaterialUpdate":true,"showSkybox":true,"showFlares":true,"showImageEffects":true,"showParticleSystems":true},"in2DMode":false,"pivot":{"x":-22.766265869140626,"y":-5.145164489746094,"z":-63.93354034423828},"rotation":{"x":0.014509428292512894,"y":-0.9658157229423523,"z":0.055432602763175967,"w":0.2528175413608551},"size":74.9620132446289,"orthographic":false}