{"cameraMode":{"drawMode":0,"name":"Shaded","section":"Shading Mode"},"sceneLighting":true,"audioPlay":false,"sceneViewState":{"showFog":false,"showMaterialUpdate":false,"showSkybox":false,"showFlares":false,"showImageEffects":false,"showParticleSystems":false},"in2DMode":false,"pivot":{"x":-60.491661071777347,"y":-4.417937278747559,"z":44.487918853759769},"rotation":{"x":0.03426305204629898,"y":-0.42231959104537966,"z":0.01597771979868412,"w":0.9056583046913147},"size":97.96623229980469,"orthographic":false}