{"cameraMode":{"drawMode":0,"name":"Shaded","section":"Shading Mode"},"sceneLighting":true,"audioPlay":false,"sceneViewState":{"showFog":true,"showMaterialUpdate":true,"showSkybox":true,"showFlares":true,"showImageEffects":true,"showParticleSystems":true},"in2DMode":false,"pivot":{"x":-81.80001831054688,"y":3.3231067657470705,"z":-154.3561248779297},"rotation":{"x":0.00032309337984770536,"y":0.9608860611915588,"z":0.0011183181777596474,"w":-0.27694156765937807},"size":179.95138549804688,"orthographic":false}