{"cameraMode":{"drawMode":0,"name":"Shaded","section":"Shading Mode"},"sceneLighting":true,"audioPlay":false,"sceneViewState":{"showFog":false,"showMaterialUpdate":false,"showSkybox":false,"showFlares":false,"showImageEffects":false,"showParticleSystems":false},"in2DMode":false,"pivot":{"x":-14.385622024536133,"y":0.4826691150665283,"z":2.4585189819335939},"rotation":{"x":-0.030966741964221,"y":0.45654720067977908,"z":-0.01590469479560852,"w":-0.8890179395675659},"size":34.446205139160159,"orthographic":false}