{"cameraMode":{"drawMode":0,"name":"Shaded","section":"Shading Mode"},"sceneLighting":false,"audioPlay":false,"sceneViewState":{"showFog":true,"showMaterialUpdate":true,"showSkybox":false,"showFlares":true,"showImageEffects":true,"showParticleSystems":true},"in2DMode":false,"pivot":{"x":0.4471435546875,"y":261.7138977050781,"z":-93.42034912109375},"rotation":{"x":0.04980747029185295,"y":-0.014261349104344845,"z":0.0007121096132323146,"w":0.9986568093299866},"size":967.9838256835938,"orthographic":false}